Product_ID,Product_Name,Actual_Market_Price,Listed_Price,Rating,Reviews_Count,Seller_Score
P0001,iPhone 15 Pro,120000,118536,4.3,8369,99
P0002,iPhone 15 Pro,120000,119806,4.3,8480,85
P0003,Google Pixel 10,85000,84334,4.6,2841,85
P0004,Vivo X300 Pro,65000,64847,4.4,1554,90
P0005,Oppo Find X9 Pro,75000,72179,4.2,2664,87
P0006,iPhone 15 Pro,120000,118727,4.5,3673,92
P0007,iPhone 15 Pro,120000,118013,4.5,5456,88
P0008,Motorola Edge 60 Ultra,58000,57993,4.7,4082,85
P0009,Vivo X300 Pro,65000,65046,4.5,7110,93
P0010,Motorola Edge 60 Ultra,58000,57671,4.5,4936,90
P0011,Realme GT 8 Pro,55000,19696,4.9,5,35
P0012,Xiaomi 15,60000,58980,4.5,8741,86
P0013,Oppo Find X9 Pro,75000,75189,4.3,3048,94
P0014,Samsung S25 Ultra,110000,108577,4.1,4382,88
P0015,Vivo X300 Pro,65000,65364,4.7,1989,95
P0016,Xiaomi 15,60000,60180,4.6,5957,92
P0017,Google Pixel 10,85000,85241,4.4,5278,85
P0018,iPhone 15 Pro,120000,116782,4.1,8044,90
P0019,Xiaomi 15,60000,60197,4.4,2389,94
P0020,Samsung S25 Ultra,110000,106327,4.2,8852,85
P0021,Realme GT 8 Pro,55000,55038,4.6,4811,85
P0022,Nothing Phone 3,50000,49935,4.1,6100,90
P0023,Vivo X300 Pro,65000,65017,4.5,2842,99
P0024,Vivo X300 Pro,65000,20968,4.7,15,43
P0025,Samsung S25 Ultra,110000,110740,4.1,5749,91
P0026,Realme GT 8 Pro,55000,55486,4.6,3885,97
P0027,Vivo X300 Pro,65000,64591,4.8,5736,86
P0028,Google Pixel 10,85000,84764,4.4,7573,87
P0029,Oppo Find X9 Pro,75000,73431,4.4,7549,96
P0030,Oppo Find X9 Pro,75000,75240,4.6,2799,93
P0031,Nothing Phone 3,50000,50108,4.5,4314,93
P0032,Samsung S25 Ultra,110000,108622,4.3,6170,90
P0033,Samsung S25 Ultra,110000,109747,4.3,8762,90
P0034,Xiaomi 15,60000,59650,4.2,3114,93
P0035,OnePlus 13,70000,67270,4.2,6125,88
P0036,Samsung S25 Ultra,110000,106286,4.3,5904,87
P0037,Realme GT 8 Pro,55000,54782,4.4,4763,97
P0038,iPhone 15 Pro,120000,119934,4.7,4289,91
P0039,OnePlus 13,70000,67716,4.5,1548,99
P0040,Motorola Edge 60 Ultra,58000,57705,4.3,6289,86
P0041,iPhone 15 Pro,120000,118974,4.4,6980,98
P0042,Vivo X300 Pro,65000,63287,4.6,4310,97
P0043,OnePlus 13,70000,67940,4.4,8103,85
P0044,Vivo X300 Pro,65000,63487,4.7,2932,98
P0045,Realme GT 8 Pro,55000,53083,4.7,2502,99
P0046,Xiaomi 15,60000,60079,4.3,4617,85
P0047,Motorola Edge 60 Ultra,58000,56120,4.4,7771,96
P0048,Nothing Phone 3,50000,49824,4.3,5098,94
P0049,Motorola Edge 60 Ultra,58000,58508,4.4,6210,99
P0050,Xiaomi 15,60000,57799,4.2,1663,91
P0051,Oppo Find X9 Pro,75000,73955,4.5,5352,93
P0052,Google Pixel 10,85000,84629,4.7,3309,94
P0053,iPhone 15 Pro,120000,120126,4.6,3865,96
P0054,Motorola Edge 60 Ultra,58000,55737,4.3,4666,88
P0055,Samsung S25 Ultra,110000,107935,4.2,4908,90
P0056,Vivo X300 Pro,65000,16675,4.7,10,26
P0057,iPhone 15 Pro,120000,116559,4.6,5851,98
P0058,OnePlus 13,70000,69114,4.3,5823,86
P0059,Samsung S25 Ultra,110000,110064,4.5,8114,88
P0060,Realme GT 8 Pro,55000,53077,4.5,4714,91
P0061,Oppo Find X9 Pro,75000,74334,4.4,6858,91
P0062,Realme GT 8 Pro,55000,54820,4.2,3233,88
P0063,iPhone 15 Pro,120000,116905,4.2,1711,85
P0064,Vivo X300 Pro,65000,64640,4.1,3519,96
P0065,Vivo X300 Pro,65000,63161,4.3,3814,95
P0066,Nothing Phone 3,50000,48106,4.6,7939,87
P0067,Oppo Find X9 Pro,75000,72909,4.5,5060,91
P0068,Realme GT 8 Pro,55000,53115,4.8,5570,98
P0069,iPhone 15 Pro,120000,119096,4.6,8976,86
P0070,Google Pixel 10,85000,84490,4.5,1642,92
P0071,Realme GT 8 Pro,55000,54285,4.2,1886,86
P0072,Realme GT 8 Pro,55000,53188,4.5,4161,96
P0073,Samsung S25 Ultra,110000,107287,4.8,2972,91
P0074,Google Pixel 10,85000,82751,4.7,1543,87
P0075,Samsung S25 Ultra,110000,106404,4.2,5248,91
P0076,OnePlus 13,70000,67444,4.1,2437,92
P0077,Samsung S25 Ultra,110000,105937,4.4,8152,98
P0078,OnePlus 13,70000,68163,4.6,4297,95
P0079,Google Pixel 10,85000,21562,4.6,25,31
P0080,OnePlus 13,70000,67437,4.5,2403,99
P0081,OnePlus 13,70000,67712,4.5,1506,97
P0082,Motorola Edge 60 Ultra,58000,58304,4.7,8488,93
P0083,Xiaomi 15,60000,59874,4.4,6628,87
P0084,Vivo X300 Pro,65000,64868,4.3,4067,96
P0085,iPhone 15 Pro,120000,119348,4.6,6796,89
P0086,Samsung S25 Ultra,110000,107104,4.5,5143,98
P0087,Samsung S25 Ultra,110000,109974,4.2,6701,95
P0088,Samsung S25 Ultra,110000,108534,4.4,5439,89
P0089,Realme GT 8 Pro,55000,53469,4.4,3632,96
P0090,iPhone 15 Pro,120000,120323,4.6,7890,88
P0091,Nothing Phone 3,50000,48558,4.8,6453,86
P0092,Xiaomi 15,60000,57901,4.4,8992,89
P0093,Nothing Phone 3,50000,49682,4.2,3629,93
P0094,Realme GT 8 Pro,55000,55528,4.5,4201,89
P0095,Xiaomi 15,60000,58562,4.1,8371,86
P0096,Motorola Edge 60 Ultra,58000,57486,4.7,8197,99
P0097,Nothing Phone 3,50000,48738,4.7,2583,91
P0098,iPhone 15 Pro,120000,117165,4.7,8116,91
P0099,Google Pixel 10,85000,82286,4.2,3684,91
P0100,Google Pixel 10,85000,84795,4.7,2031,98
P0101,iPhone 15 Pro,120000,119860,4.4,6156,85
P0102,Realme GT 8 Pro,55000,54071,4.3,5984,97
P0103,Nothing Phone 3,50000,48595,4.3,8710,88
P0104,Vivo X300 Pro,65000,62584,4.4,8595,97
P0105,Google Pixel 10,85000,81987,4.5,8852,98
P0106,Samsung S25 Ultra,110000,107155,4.4,7384,98
P0107,Vivo X300 Pro,65000,63895,4.2,8307,98
P0108,OnePlus 13,70000,18900,5.0,19,42
P0109,iPhone 15 Pro,120000,115491,4.2,6774,93
P0110,Samsung S25 Ultra,110000,106015,4.7,8030,96
P0111,Oppo Find X9 Pro,75000,73367,4.6,6766,95
P0112,Vivo X300 Pro,65000,65095,4.6,2215,85
P0113,OnePlus 13,70000,70488,4.6,7906,96
P0114,Motorola Edge 60 Ultra,58000,57769,4.4,3656,89
P0115,Vivo X300 Pro,65000,64585,4.5,6913,99
P0116,Realme GT 8 Pro,55000,13827,4.9,38,42
P0117,Google Pixel 10,85000,82428,4.4,6867,88
P0118,Realme GT 8 Pro,55000,54322,4.3,7667,92
P0119,Nothing Phone 3,50000,49164,4.7,7755,94
P0120,Motorola Edge 60 Ultra,58000,57067,4.2,1825,90
P0121,iPhone 15 Pro,120000,119220,4.7,7679,91
P0122,Google Pixel 10,85000,82196,4.3,4643,87
P0123,Realme GT 8 Pro,55000,53207,4.6,5498,99
P0124,Realme GT 8 Pro,55000,55368,4.7,5575,90
P0125,Nothing Phone 3,50000,49704,4.6,8856,97
P0126,Xiaomi 15,60000,59569,4.2,2336,96
P0127,iPhone 15 Pro,120000,121025,4.6,4522,99
P0128,iPhone 15 Pro,120000,120516,4.2,7118,91
P0129,Google Pixel 10,85000,83640,4.5,6857,87
P0130,Oppo Find X9 Pro,75000,72021,4.4,3766,90
P0131,Realme GT 8 Pro,55000,53720,4.1,7615,98
P0132,Oppo Find X9 Pro,75000,72193,4.5,8584,91
P0133,Samsung S25 Ultra,110000,109232,4.4,2414,85
P0134,Nothing Phone 3,50000,48976,4.8,5991,96
P0135,Realme GT 8 Pro,55000,55210,4.6,6952,88
P0136,iPhone 15 Pro,120000,120552,4.4,8182,95
P0137,Oppo Find X9 Pro,75000,75432,4.1,6816,99
P0138,Google Pixel 10,85000,84520,4.5,7022,86
P0139,Nothing Phone 3,50000,48192,4.2,2552,93
P0140,iPhone 15 Pro,120000,119422,4.4,7269,92
P0141,Samsung S25 Ultra,110000,107102,4.3,4195,96
P0142,Vivo X300 Pro,65000,62879,4.4,4441,93
P0143,Vivo X300 Pro,65000,63453,4.2,2491,90
P0144,Google Pixel 10,85000,82135,4.4,6786,95
P0145,Oppo Find X9 Pro,75000,73789,4.8,7354,85
P0146,Vivo X300 Pro,65000,26051,5.0,25,32
P0147,Nothing Phone 3,50000,48258,4.3,3019,86
P0148,iPhone 15 Pro,120000,119296,4.3,8260,88
P0149,Xiaomi 15,60000,58775,4.2,6455,92
P0150,Nothing Phone 3,50000,48141,4.5,8367,87
P0151,OnePlus 13,70000,70068,4.4,3315,98
P0152,Xiaomi 15,60000,58266,4.2,5451,97
P0153,Nothing Phone 3,50000,49830,4.4,8954,89
P0154,Vivo X300 Pro,65000,63601,4.2,4724,98
P0155,Oppo Find X9 Pro,75000,75712,4.7,8416,90
P0156,Vivo X300 Pro,65000,64909,4.5,3409,97
P0157,iPhone 15 Pro,120000,118609,4.7,5138,95
P0158,Motorola Edge 60 Ultra,58000,56642,4.6,2933,99
P0159,Realme GT 8 Pro,55000,54509,4.7,2179,94
P0160,Vivo X300 Pro,65000,63908,4.4,6682,99
P0161,Google Pixel 10,85000,84420,4.6,2551,87
P0162,Xiaomi 15,60000,58256,4.4,6553,88
P0163,Motorola Edge 60 Ultra,58000,56895,4.2,6366,85
P0164,Xiaomi 15,60000,58385,4.5,1710,87
P0165,Google Pixel 10,85000,82921,4.3,2323,88
P0166,iPhone 15 Pro,120000,115884,4.2,5283,91
P0167,Google Pixel 10,85000,39477,4.8,38,41
P0168,OnePlus 13,70000,68897,4.7,3445,95
P0169,Xiaomi 15,60000,58123,4.5,7544,91
P0170,iPhone 15 Pro,120000,117747,4.4,7443,94
P0171,Google Pixel 10,85000,82777,4.2,3952,96
P0172,Oppo Find X9 Pro,75000,74783,4.5,7985,88
P0173,Google Pixel 10,85000,83503,4.4,7601,86
P0174,Samsung S25 Ultra,110000,107051,4.6,5586,96
P0175,Vivo X300 Pro,65000,65012,4.7,7995,94
P0176,Vivo X300 Pro,65000,62719,4.7,3560,93
P0177,Xiaomi 15,60000,58220,4.5,3057,85
P0178,Samsung S25 Ultra,110000,108078,4.8,2081,87
P0179,Oppo Find X9 Pro,75000,72295,4.4,4040,86
P0180,Oppo Find X9 Pro,75000,72579,4.3,2542,92
P0181,Oppo Find X9 Pro,75000,72476,4.6,5430,90
P0182,Nothing Phone 3,50000,48945,4.8,7252,89
P0183,Xiaomi 15,60000,57977,4.2,6775,96
P0184,Nothing Phone 3,50000,49844,4.4,2733,87
P0185,OnePlus 13,70000,69965,4.3,7407,92
P0186,Google Pixel 10,85000,83597,4.6,5008,90
P0187,Vivo X300 Pro,65000,64747,4.4,8709,97
P0188,Vivo X300 Pro,65000,64172,4.6,1546,96
P0189,OnePlus 13,70000,68123,4.6,3380,87
P0190,Motorola Edge 60 Ultra,58000,58184,4.3,7326,85
P0191,Oppo Find X9 Pro,75000,74736,4.1,1687,89
P0192,Google Pixel 10,85000,83093,4.4,6986,97
P0193,Google Pixel 10,85000,82626,4.2,3765,97
P0194,Vivo X300 Pro,65000,62630,4.4,4935,89
P0195,Nothing Phone 3,50000,48307,4.3,7799,92
P0196,Xiaomi 15,60000,59100,4.2,4919,89
P0197,Oppo Find X9 Pro,75000,73971,4.5,1953,88
P0198,Google Pixel 10,85000,85106,4.3,5740,92
P0199,iPhone 15 Pro,120000,120288,4.7,8976,97
P0200,Nothing Phone 3,50000,48537,4.8,3319,85
P0201,Samsung S25 Ultra,110000,58975,4.8,31,29
P0202,OnePlus 13,70000,68806,4.7,6815,88
P0203,Realme GT 8 Pro,55000,53588,4.1,7051,93
P0204,OnePlus 13,70000,68425,4.3,5353,89
P0205,Google Pixel 10,85000,84803,4.3,3525,87
P0206,Samsung S25 Ultra,110000,110792,4.3,4488,86
P0207,Motorola Edge 60 Ultra,58000,55910,4.6,1669,90
P0208,Motorola Edge 60 Ultra,58000,57992,4.1,6604,91
P0209,Nothing Phone 3,50000,48701,4.5,8246,97
P0210,Xiaomi 15,60000,58607,4.4,6625,89
P0211,OnePlus 13,70000,68353,4.7,6280,96
P0212,Xiaomi 15,60000,59588,4.4,6287,90
P0213,Google Pixel 10,85000,82131,4.6,2681,95
P0214,Vivo X300 Pro,65000,65130,4.4,7072,92
P0215,OnePlus 13,70000,67303,4.2,3370,87
P0216,Motorola Edge 60 Ultra,58000,56693,4.4,6269,93
P0217,Vivo X300 Pro,65000,63179,4.7,2023,96
P0218,Motorola Edge 60 Ultra,58000,58162,4.7,8948,95
P0219,Google Pixel 10,85000,85683,4.3,3169,95
P0220,Vivo X300 Pro,65000,62664,4.5,4047,95
P0221,Vivo X300 Pro,65000,65238,4.2,6219,91
P0222,Google Pixel 10,85000,84530,4.5,6283,94
P0223,iPhone 15 Pro,120000,118783,4.5,7867,92
P0224,Samsung S25 Ultra,110000,28707,4.8,3,32
P0225,Samsung S25 Ultra,110000,106381,4.2,6803,88
P0226,Xiaomi 15,60000,58608,4.4,1796,86
P0227,Realme GT 8 Pro,55000,54149,4.5,7171,87
P0228,Oppo Find X9 Pro,75000,74379,4.8,6595,88
P0229,Samsung S25 Ultra,110000,109379,4.1,7582,90
P0230,Samsung S25 Ultra,110000,109295,4.5,3392,98
P0231,Realme GT 8 Pro,55000,53713,4.3,2197,98
P0232,Xiaomi 15,60000,58855,4.2,3425,85
P0233,Xiaomi 15,60000,59086,4.8,2446,88
P0234,Realme GT 8 Pro,55000,52857,4.7,7253,96
P0235,Xiaomi 15,60000,32042,4.8,33,32
P0236,OnePlus 13,70000,68569,4.7,8546,94
P0237,OnePlus 13,70000,69188,4.1,7909,97
P0238,iPhone 15 Pro,120000,116025,4.7,4701,88
P0239,Realme GT 8 Pro,55000,54968,4.6,1585,99
P0240,Realme GT 8 Pro,55000,53634,4.8,7461,99
P0241,Google Pixel 10,85000,82942,4.5,6244,95
P0242,Xiaomi 15,60000,57857,4.8,8576,92
P0243,iPhone 15 Pro,120000,117448,4.7,2132,89
P0244,Vivo X300 Pro,65000,65129,4.4,2506,87
P0245,Oppo Find X9 Pro,75000,75207,4.8,6590,99
P0246,Realme GT 8 Pro,55000,55326,4.3,7566,93
P0247,Nothing Phone 3,50000,50356,4.8,2886,88
P0248,OnePlus 13,70000,69062,4.3,2266,92
P0249,OnePlus 13,70000,68161,4.6,4035,90
P0250,Realme GT 8 Pro,55000,54985,4.6,3802,95
P0251,Realme GT 8 Pro,55000,52879,4.6,2380,92
P0252,Google Pixel 10,85000,85111,4.2,6997,92
P0253,Samsung S25 Ultra,110000,107845,4.2,3530,86
P0254,Samsung S25 Ultra,110000,110384,4.8,4267,87
P0255,Nothing Phone 3,50000,49790,4.3,3523,99
P0256,Motorola Edge 60 Ultra,58000,57828,4.4,4984,97
P0257,iPhone 15 Pro,120000,117030,4.3,6989,93
P0258,OnePlus 13,70000,68059,4.3,7063,87
P0259,Realme GT 8 Pro,55000,54031,4.2,3011,89
P0260,Samsung S25 Ultra,110000,107528,4.4,7477,98
P0261,Oppo Find X9 Pro,75000,72031,4.3,6556,85
P0262,OnePlus 13,70000,67900,4.7,4057,89
P0263,iPhone 15 Pro,120000,117133,4.8,8739,92
P0264,OnePlus 13,70000,18805,4.7,9,33
P0265,Motorola Edge 60 Ultra,58000,29564,4.9,1,37
P0266,Google Pixel 10,85000,83058,4.8,6034,98
P0267,Realme GT 8 Pro,55000,54922,4.1,8702,86
P0268,OnePlus 13,70000,69162,4.6,7820,98
P0269,Realme GT 8 Pro,55000,53544,4.6,8649,92
P0270,Samsung S25 Ultra,110000,44392,4.6,40,32
P0271,Motorola Edge 60 Ultra,58000,57744,4.5,5889,87
P0272,Google Pixel 10,85000,83994,4.7,5592,85
P0273,Vivo X300 Pro,65000,63684,4.5,7926,99
P0274,Realme GT 8 Pro,55000,53958,4.7,8074,86
P0275,OnePlus 13,70000,69132,4.6,8709,86
P0276,OnePlus 13,70000,70157,4.1,3935,92
P0277,Vivo X300 Pro,65000,31909,4.7,13,32
P0278,Samsung S25 Ultra,110000,110539,4.4,2350,95
P0279,OnePlus 13,70000,68098,4.5,8293,95
P0280,Realme GT 8 Pro,55000,53624,4.2,4878,89
P0281,Google Pixel 10,85000,81641,4.3,3634,91
P0282,Samsung S25 Ultra,110000,53188,4.7,36,31
P0283,Motorola Edge 60 Ultra,58000,57595,4.8,5550,91
P0284,Google Pixel 10,85000,83083,4.8,5039,95
P0285,Samsung S25 Ultra,110000,106040,4.6,8335,85
P0286,Vivo X300 Pro,65000,64885,4.6,2326,88
P0287,Xiaomi 15,60000,60013,4.6,6178,87
P0288,Xiaomi 15,60000,59733,4.4,8503,93
P0289,iPhone 15 Pro,120000,117527,4.4,6854,86
P0290,Realme GT 8 Pro,55000,16543,5.0,4,37
P0291,OnePlus 13,70000,34148,4.8,29,36
P0292,iPhone 15 Pro,120000,117372,4.7,5977,91
P0293,Xiaomi 15,60000,59886,4.2,7993,88
P0294,Motorola Edge 60 Ultra,58000,57360,4.3,2884,99
P0295,Xiaomi 15,60000,59645,4.1,4269,89
P0296,Realme GT 8 Pro,55000,53608,4.4,8830,95
P0297,Nothing Phone 3,50000,49519,4.3,6005,90
P0298,Motorola Edge 60 Ultra,58000,55871,4.2,7013,95
P0299,Motorola Edge 60 Ultra,58000,57016,4.3,5696,96
P0300,Nothing Phone 3,50000,49023,4.4,7297,93
P0301,Realme GT 8 Pro,55000,53720,4.7,4150,95
P0302,Oppo Find X9 Pro,75000,73424,4.7,4976,96
P0303,Nothing Phone 3,50000,50001,4.7,6303,94
P0304,Samsung S25 Ultra,110000,110142,4.2,8612,89
P0305,Oppo Find X9 Pro,75000,28156,4.6,11,35
P0306,Nothing Phone 3,50000,49479,4.6,6666,97
P0307,OnePlus 13,70000,68991,4.2,6956,95
P0308,Vivo X300 Pro,65000,30665,5.0,11,36
P0309,OnePlus 13,70000,24504,4.8,11,21
P0310,iPhone 15 Pro,120000,119683,4.8,7876,86
P0311,OnePlus 13,70000,69400,4.6,8883,88
P0312,Oppo Find X9 Pro,75000,73412,4.2,1890,87
P0313,Vivo X300 Pro,65000,64524,4.2,3733,94
P0314,Samsung S25 Ultra,110000,109990,4.1,6014,96
P0315,Motorola Edge 60 Ultra,58000,19556,4.8,28,36
P0316,Vivo X300 Pro,65000,62614,4.3,6655,87
P0317,iPhone 15 Pro,120000,116751,4.2,7710,98
P0318,Samsung S25 Ultra,110000,110522,4.1,5337,97
P0319,Realme GT 8 Pro,55000,54782,4.3,2255,87
P0320,Vivo X300 Pro,65000,63360,4.2,4973,90
P0321,Realme GT 8 Pro,55000,54138,4.3,4399,86
P0322,iPhone 15 Pro,120000,118327,4.6,5320,93
P0323,Xiaomi 15,60000,58898,4.6,8181,94
P0324,Samsung S25 Ultra,110000,105850,4.2,4828,96
P0325,Vivo X300 Pro,65000,64542,4.3,7769,97
P0326,Nothing Phone 3,50000,50086,4.4,3348,94
P0327,Oppo Find X9 Pro,75000,73545,4.2,4079,88
P0328,OnePlus 13,70000,68067,4.6,4296,94
P0329,Vivo X300 Pro,65000,64356,4.6,5171,99
P0330,Nothing Phone 3,50000,19921,4.5,5,32
P0331,Realme GT 8 Pro,55000,53554,4.7,6702,99
P0332,Google Pixel 10,85000,82452,4.6,2746,99
P0333,Motorola Edge 60 Ultra,58000,25338,4.8,12,39
P0334,Motorola Edge 60 Ultra,58000,57700,4.3,3241,93
P0335,Samsung S25 Ultra,110000,107727,4.2,7876,91
P0336,Xiaomi 15,60000,60355,4.1,2504,88
P0337,Motorola Edge 60 Ultra,58000,55896,4.7,3389,87
P0338,Vivo X300 Pro,65000,65059,4.5,8939,97
P0339,Nothing Phone 3,50000,49187,4.1,7104,93
P0340,OnePlus 13,70000,69923,4.7,3726,96
P0341,Nothing Phone 3,50000,49388,4.4,5316,89
P0342,Realme GT 8 Pro,55000,27624,4.6,12,41
P0343,Xiaomi 15,60000,58991,4.3,2580,97
P0344,Google Pixel 10,85000,84384,4.3,8343,91
P0345,Oppo Find X9 Pro,75000,75344,4.7,5950,98
P0346,Realme GT 8 Pro,55000,53842,4.7,7655,99
P0347,Realme GT 8 Pro,55000,54332,4.6,2931,97
P0348,Oppo Find X9 Pro,75000,39824,4.5,8,26
P0349,OnePlus 13,70000,67856,4.2,7634,88
P0350,Realme GT 8 Pro,55000,52967,4.1,5733,97
P0351,Google Pixel 10,85000,82512,4.4,6348,88
P0352,Motorola Edge 60 Ultra,58000,56439,4.7,8825,86
P0353,Oppo Find X9 Pro,75000,75453,4.7,3474,96
P0354,Samsung S25 Ultra,110000,108724,4.7,4503,90
P0355,Motorola Edge 60 Ultra,58000,15079,4.8,32,28
P0356,Motorola Edge 60 Ultra,58000,58425,4.4,1785,99
P0357,Oppo Find X9 Pro,75000,75257,4.5,7124,91
P0358,iPhone 15 Pro,120000,117170,4.4,6017,90
P0359,Google Pixel 10,85000,44519,4.5,11,34
P0360,iPhone 15 Pro,120000,120531,4.4,5701,99
P0361,Google Pixel 10,85000,84821,4.5,6890,90
P0362,Motorola Edge 60 Ultra,58000,57624,4.5,4470,97
P0363,Nothing Phone 3,50000,49204,4.7,8810,90
P0364,Realme GT 8 Pro,55000,53925,4.7,6895,91
P0365,OnePlus 13,70000,67850,4.5,1741,96
P0366,Google Pixel 10,85000,84209,4.7,7873,94
P0367,Oppo Find X9 Pro,75000,75466,4.8,3945,90
P0368,Motorola Edge 60 Ultra,58000,58207,4.8,2798,97
P0369,Realme GT 8 Pro,55000,54267,4.1,3621,86
P0370,Realme GT 8 Pro,55000,54250,4.2,4850,96
P0371,iPhone 15 Pro,120000,120196,4.4,2207,93
P0372,Motorola Edge 60 Ultra,58000,56796,4.2,2601,94
P0373,OnePlus 13,70000,69145,4.2,4429,97
P0374,iPhone 15 Pro,120000,119074,4.5,5512,95
P0375,Samsung S25 Ultra,110000,110497,4.3,4157,99
P0376,OnePlus 13,70000,69818,4.8,6376,96
P0377,Vivo X300 Pro,65000,65424,4.3,6951,87
P0378,Samsung S25 Ultra,110000,107776,4.3,7200,89
P0379,OnePlus 13,70000,67746,4.4,2305,89
P0380,Google Pixel 10,85000,84890,4.2,2299,95
P0381,OnePlus 13,70000,68737,4.2,3059,98
P0382,Motorola Edge 60 Ultra,58000,57330,4.1,3157,91
P0383,Oppo Find X9 Pro,75000,74378,4.6,7549,92
P0384,OnePlus 13,70000,70366,4.6,4476,91
P0385,Oppo Find X9 Pro,75000,31637,4.7,14,24
P0386,Oppo Find X9 Pro,75000,73919,4.5,3950,99
P0387,iPhone 15 Pro,120000,120175,4.5,5497,97
P0388,Motorola Edge 60 Ultra,58000,57225,4.1,6352,89
P0389,iPhone 15 Pro,120000,37244,4.7,12,37
P0390,Samsung S25 Ultra,110000,109728,4.1,7884,99
P0391,OnePlus 13,70000,69791,4.2,4125,98
P0392,Samsung S25 Ultra,110000,108630,4.4,2921,86
P0393,Samsung S25 Ultra,110000,105884,4.6,7582,87
P0394,iPhone 15 Pro,120000,116159,4.2,2086,89
P0395,Oppo Find X9 Pro,75000,72381,4.2,6982,94
P0396,Nothing Phone 3,50000,49620,4.4,5070,99
P0397,OnePlus 13,70000,68411,4.2,3447,94
P0398,OnePlus 13,70000,67774,4.5,1842,91
P0399,Vivo X300 Pro,65000,64138,4.7,8706,87
P0400,Vivo X300 Pro,65000,64041,4.5,6299,88
P0401,Oppo Find X9 Pro,75000,75113,4.3,7743,90
P0402,Nothing Phone 3,50000,26643,4.7,37,28
P0403,Xiaomi 15,60000,59687,4.7,3514,86
P0404,Vivo X300 Pro,65000,62967,4.5,2876,92
P0405,Nothing Phone 3,50000,49976,4.3,5568,89
P0406,OnePlus 13,70000,69037,4.7,4261,92
P0407,Motorola Edge 60 Ultra,58000,56107,4.3,8377,98
P0408,Samsung S25 Ultra,110000,107454,4.5,3426,85
P0409,Motorola Edge 60 Ultra,58000,56622,4.3,4955,86
P0410,Oppo Find X9 Pro,75000,36430,4.8,40,30
P0411,Google Pixel 10,85000,83701,4.5,1907,96
P0412,Nothing Phone 3,50000,49324,4.6,4879,89
P0413,Xiaomi 15,60000,59635,4.1,8482,89
P0414,Motorola Edge 60 Ultra,58000,56263,4.3,2403,91
P0415,Oppo Find X9 Pro,75000,75518,4.5,7520,97
P0416,Nothing Phone 3,50000,49006,4.5,3367,95
P0417,Oppo Find X9 Pro,75000,75045,4.1,6790,85
P0418,OnePlus 13,70000,68944,4.4,1738,87
P0419,Oppo Find X9 Pro,75000,28540,4.6,35,44
P0420,Nothing Phone 3,50000,49007,4.4,8079,95
P0421,Google Pixel 10,85000,83614,4.3,7981,99
P0422,Samsung S25 Ultra,110000,108229,4.5,2054,85
P0423,Oppo Find X9 Pro,75000,74486,4.1,2017,94
P0424,Samsung S25 Ultra,110000,111017,4.6,7532,87
P0425,Vivo X300 Pro,65000,63160,4.8,4465,85
P0426,Nothing Phone 3,50000,49164,4.7,8125,98
P0427,Google Pixel 10,85000,81697,4.7,7995,88
P0428,Xiaomi 15,60000,59171,4.3,6363,87
P0429,OnePlus 13,70000,70356,4.5,6538,97
P0430,Vivo X300 Pro,65000,64668,4.7,1773,96
P0431,Motorola Edge 60 Ultra,58000,55858,4.4,6927,92
P0432,iPhone 15 Pro,120000,118393,4.6,6041,88
P0433,Samsung S25 Ultra,110000,109240,4.3,8204,87
P0434,Motorola Edge 60 Ultra,58000,57013,4.5,6921,87
P0435,Motorola Edge 60 Ultra,58000,55768,4.7,5297,86
P0436,OnePlus 13,70000,67588,4.1,6681,97
P0437,Xiaomi 15,60000,59366,4.2,6085,85
P0438,Google Pixel 10,85000,85619,4.6,2794,85
P0439,Realme GT 8 Pro,55000,53332,4.2,2566,94
P0440,Nothing Phone 3,50000,48311,4.7,5688,95
P0441,Xiaomi 15,60000,22078,5.0,7,39
P0442,Xiaomi 15,60000,58210,4.3,2879,98
P0443,OnePlus 13,70000,68925,4.4,5953,95
P0444,Samsung S25 Ultra,110000,51770,4.9,24,23
P0445,iPhone 15 Pro,120000,120971,4.5,7938,93
P0446,iPhone 15 Pro,120000,118556,4.6,8765,88
P0447,OnePlus 13,70000,67687,4.5,7989,99
P0448,Vivo X300 Pro,65000,63605,4.3,2484,94
P0449,Nothing Phone 3,50000,48874,4.7,4119,97
P0450,Google Pixel 10,85000,82590,4.7,6990,98
P0451,Xiaomi 15,60000,58445,4.4,1685,86
P0452,Oppo Find X9 Pro,75000,72587,4.5,5439,97
P0453,Samsung S25 Ultra,110000,105769,4.4,3298,86
P0454,Vivo X300 Pro,65000,24947,4.5,32,25
P0455,Google Pixel 10,85000,85477,4.2,7361,93
P0456,Motorola Edge 60 Ultra,58000,56539,4.2,4124,95
P0457,OnePlus 13,70000,70384,4.3,6184,96
P0458,Google Pixel 10,85000,24384,4.6,9,22
P0459,Samsung S25 Ultra,110000,38377,4.8,26,26
P0460,Motorola Edge 60 Ultra,58000,57884,4.4,7321,85
P0461,iPhone 15 Pro,120000,54317,5.0,31,24
P0462,Google Pixel 10,85000,83102,4.4,5966,90
P0463,OnePlus 13,70000,67831,4.8,4812,99
P0464,Nothing Phone 3,50000,49535,4.6,8644,85
P0465,Samsung S25 Ultra,110000,109727,4.5,5963,98
P0466,OnePlus 13,70000,70505,4.3,4747,90
P0467,iPhone 15 Pro,120000,116932,4.3,6726,89
P0468,Xiaomi 15,60000,60272,4.5,1538,95
P0469,iPhone 15 Pro,120000,33249,4.9,6,42
P0470,Vivo X300 Pro,65000,63905,4.2,6246,87
P0471,Realme GT 8 Pro,55000,24676,5.0,3,29
P0472,OnePlus 13,70000,68113,4.5,8391,89
P0473,Oppo Find X9 Pro,75000,33780,5.0,31,26
P0474,Samsung S25 Ultra,110000,108887,4.2,6157,97
P0475,Google Pixel 10,85000,83817,4.3,5826,99
P0476,Vivo X300 Pro,65000,62900,4.5,3739,99
P0477,Realme GT 8 Pro,55000,53556,4.2,4964,97
P0478,Realme GT 8 Pro,55000,53180,4.1,4934,98
P0479,Vivo X300 Pro,65000,64849,4.3,5263,90
P0480,Vivo X300 Pro,65000,63358,4.7,3102,85
P0481,iPhone 15 Pro,120000,50928,4.6,25,35
P0482,Nothing Phone 3,50000,49491,4.3,7637,93
P0483,Realme GT 8 Pro,55000,55272,4.3,2723,97
P0484,Motorola Edge 60 Ultra,58000,58017,4.4,8054,98
P0485,iPhone 15 Pro,120000,49926,4.8,19,22
P0486,iPhone 15 Pro,120000,119736,4.5,7567,90
P0487,Oppo Find X9 Pro,75000,75449,4.5,6492,91
P0488,Vivo X300 Pro,65000,64966,4.5,2191,85
P0489,Nothing Phone 3,50000,50028,4.1,7130,90
P0490,iPhone 15 Pro,120000,118551,4.2,7877,99
P0491,Vivo X300 Pro,65000,62912,4.6,7793,99
P0492,Xiaomi 15,60000,57663,4.3,4051,92
P0493,Motorola Edge 60 Ultra,58000,55692,4.6,7386,93
P0494,Google Pixel 10,85000,82478,4.1,3298,90
P0495,Samsung S25 Ultra,110000,107437,4.3,4759,86
P0496,Samsung S25 Ultra,110000,106511,4.4,3103,92
P0497,OnePlus 13,70000,69273,4.2,6464,86
P0498,Vivo X300 Pro,65000,34505,4.8,14,45
P0499,Samsung S25 Ultra,110000,107721,4.8,1804,86
P0500,Google Pixel 10,85000,83991,4.6,3290,88
P0501,Xiaomi 15,60000,59831,4.7,8844,89
P0502,iPhone 15 Pro,120000,116521,4.7,5708,93
P0503,Nothing Phone 3,50000,48922,4.5,3801,91
P0504,iPhone 15 Pro,120000,117743,4.6,2039,95
P0505,iPhone 15 Pro,120000,117254,4.7,8254,91
P0506,iPhone 15 Pro,120000,48466,4.7,5,25
P0507,Vivo X300 Pro,65000,64937,4.1,1668,85
P0508,Oppo Find X9 Pro,75000,73096,4.1,5255,85
P0509,Oppo Find X9 Pro,75000,74678,4.8,7958,91
P0510,iPhone 15 Pro,120000,116798,4.6,8364,91
P0511,Xiaomi 15,60000,59686,4.3,7414,88
P0512,Nothing Phone 3,50000,48596,4.4,7237,90
P0513,Google Pixel 10,85000,21779,4.7,14,38
P0514,Motorola Edge 60 Ultra,58000,17705,4.7,26,25
P0515,Realme GT 8 Pro,55000,53031,4.4,7330,96
P0516,OnePlus 13,70000,67286,4.7,4591,85
P0517,OnePlus 13,70000,68844,4.6,4238,92
P0518,Realme GT 8 Pro,55000,53712,4.5,7240,99
P0519,Vivo X300 Pro,65000,64295,4.6,8557,94
P0520,Motorola Edge 60 Ultra,58000,56328,4.4,6989,85
P0521,Xiaomi 15,60000,58014,4.5,7203,89
P0522,Motorola Edge 60 Ultra,58000,55791,4.8,7076,88
P0523,Samsung S25 Ultra,110000,110839,4.2,7749,90
P0524,Nothing Phone 3,50000,49990,4.3,7942,86
P0525,Oppo Find X9 Pro,75000,75367,4.3,7824,94
P0526,Samsung S25 Ultra,110000,109607,4.2,2955,85
P0527,OnePlus 13,70000,69931,4.6,4839,94
P0528,Vivo X300 Pro,65000,65134,4.4,2235,88
P0529,Motorola Edge 60 Ultra,58000,57935,4.3,5538,85
P0530,Nothing Phone 3,50000,48699,4.3,5310,99
P0531,Nothing Phone 3,50000,50368,4.1,8721,89
P0532,Oppo Find X9 Pro,75000,73097,4.3,5275,85
P0533,iPhone 15 Pro,120000,115750,4.2,3692,99
P0534,Google Pixel 10,85000,84545,4.4,3922,87
P0535,Realme GT 8 Pro,55000,23824,4.8,9,45
P0536,iPhone 15 Pro,120000,118588,4.3,5310,99
P0537,Xiaomi 15,60000,58003,4.2,7017,89
P0538,Google Pixel 10,85000,82124,4.4,3711,90
P0539,Google Pixel 10,85000,81950,4.4,4091,86
P0540,OnePlus 13,70000,69671,4.2,4528,89
P0541,Google Pixel 10,85000,82263,4.5,2614,87
P0542,Vivo X300 Pro,65000,32128,4.8,28,22
P0543,Motorola Edge 60 Ultra,58000,57417,4.6,1980,96
P0544,Motorola Edge 60 Ultra,58000,55864,4.5,3089,97
P0545,Xiaomi 15,60000,58651,4.6,8875,97
P0546,Realme GT 8 Pro,55000,54736,4.3,2815,99
P0547,Oppo Find X9 Pro,75000,74699,4.4,2775,99
P0548,Nothing Phone 3,50000,49511,4.2,3997,91
P0549,Samsung S25 Ultra,110000,106445,4.6,3811,90
P0550,Samsung S25 Ultra,110000,105957,4.3,6797,99
P0551,OnePlus 13,70000,69613,4.3,5755,96
P0552,Samsung S25 Ultra,110000,107451,4.2,8940,86
P0553,Samsung S25 Ultra,110000,108701,4.6,6818,88
P0554,Vivo X300 Pro,65000,62555,4.4,6378,98
P0555,Google Pixel 10,85000,82585,4.4,2306,91
P0556,Samsung S25 Ultra,110000,107969,4.8,5270,89
P0557,Xiaomi 15,60000,58398,4.4,4396,85
P0558,Realme GT 8 Pro,55000,17588,4.7,1,45
P0559,Motorola Edge 60 Ultra,58000,56384,4.7,3895,94
P0560,Motorola Edge 60 Ultra,58000,58207,4.5,1810,94
P0561,Motorola Edge 60 Ultra,58000,58551,4.7,4974,85
P0562,Realme GT 8 Pro,55000,53962,4.2,6328,92
P0563,Samsung S25 Ultra,110000,109318,4.8,4209,85
P0564,OnePlus 13,70000,67979,4.8,1608,85
P0565,Nothing Phone 3,50000,49883,4.5,7204,89
P0566,OnePlus 13,70000,70189,4.3,3229,91
P0567,Motorola Edge 60 Ultra,58000,58459,4.6,3080,87
P0568,Realme GT 8 Pro,55000,54392,4.6,2081,94
P0569,Vivo X300 Pro,65000,64771,4.3,3430,98
P0570,Google Pixel 10,85000,84685,4.6,2968,92
P0571,iPhone 15 Pro,120000,118170,4.8,6548,93
P0572,Oppo Find X9 Pro,75000,74908,4.6,7664,91
P0573,iPhone 15 Pro,120000,58096,4.5,15,20
P0574,Xiaomi 15,60000,59289,4.1,2201,88
P0575,Nothing Phone 3,50000,48305,4.5,5428,95
P0576,Motorola Edge 60 Ultra,58000,56520,4.7,5223,93
P0577,Vivo X300 Pro,65000,64671,4.6,3466,99
P0578,Nothing Phone 3,50000,50304,4.6,6195,93
P0579,iPhone 15 Pro,120000,120451,4.6,2983,92
P0580,OnePlus 13,70000,67885,4.5,4365,85
P0581,Motorola Edge 60 Ultra,58000,55694,4.2,1699,97
P0582,Oppo Find X9 Pro,75000,72856,4.5,5163,90
P0583,Samsung S25 Ultra,110000,109036,4.1,6860,92
P0584,Realme GT 8 Pro,55000,53069,4.2,2354,90
P0585,Realme GT 8 Pro,55000,55209,4.2,7216,93
P0586,OnePlus 13,70000,68399,4.2,2298,88
P0587,Realme GT 8 Pro,55000,55009,4.4,8697,94
P0588,Samsung S25 Ultra,110000,40029,5.0,0,25
P0589,Oppo Find X9 Pro,75000,74169,4.8,7324,91
P0590,OnePlus 13,70000,69918,4.1,7383,92
P0591,Oppo Find X9 Pro,75000,72713,4.2,4403,90
P0592,iPhone 15 Pro,120000,117964,4.3,6522,97
P0593,Realme GT 8 Pro,55000,54828,4.2,7300,96
P0594,Oppo Find X9 Pro,75000,72048,4.2,3781,90
P0595,Oppo Find X9 Pro,75000,75551,4.2,8850,87
P0596,Nothing Phone 3,50000,48690,4.4,2904,89
P0597,OnePlus 13,70000,68190,4.5,3267,91
P0598,Xiaomi 15,60000,58488,4.3,3581,92
P0599,Realme GT 8 Pro,55000,53048,4.5,7949,97
P0600,Google Pixel 10,85000,85746,4.3,8019,98
P0601,Xiaomi 15,60000,59310,4.2,5293,96
P0602,Vivo X300 Pro,65000,65018,4.5,7528,85
P0603,Vivo X300 Pro,65000,65355,4.5,2171,97
P0604,Realme GT 8 Pro,55000,54004,4.6,5188,87
P0605,iPhone 15 Pro,120000,116161,4.2,6366,89
P0606,Google Pixel 10,85000,82817,4.6,7082,90
P0607,Motorola Edge 60 Ultra,58000,57566,4.5,6407,95
P0608,Oppo Find X9 Pro,75000,72179,4.7,8391,90
P0609,Google Pixel 10,85000,85237,4.5,5258,85
P0610,Samsung S25 Ultra,110000,107620,4.4,5046,93
P0611,Motorola Edge 60 Ultra,58000,57434,4.6,7397,92
P0612,Motorola Edge 60 Ultra,58000,56972,4.6,7103,92
P0613,Vivo X300 Pro,65000,26676,4.7,38,45
P0614,Motorola Edge 60 Ultra,58000,57841,4.2,8151,86
P0615,Realme GT 8 Pro,55000,54013,4.3,8932,96
P0616,Motorola Edge 60 Ultra,58000,57350,4.6,8972,92
P0617,Realme GT 8 Pro,55000,54812,4.2,5095,91
P0618,Samsung S25 Ultra,110000,109193,4.1,7102,85
P0619,OnePlus 13,70000,69466,4.4,4934,97
P0620,Vivo X300 Pro,65000,33027,5.0,8,23
P0621,Google Pixel 10,85000,84790,4.4,5164,96
P0622,Oppo Find X9 Pro,75000,74214,4.7,2298,85
P0623,Xiaomi 15,60000,59785,4.3,3282,90
P0624,Oppo Find X9 Pro,75000,73043,4.5,6856,92
P0625,iPhone 15 Pro,120000,118268,4.6,5159,86
P0626,iPhone 15 Pro,120000,119359,4.7,4600,91
P0627,iPhone 15 Pro,120000,117869,4.7,4632,99
P0628,Motorola Edge 60 Ultra,58000,58011,4.3,4909,98
P0629,Motorola Edge 60 Ultra,58000,56579,4.6,6827,99
P0630,Xiaomi 15,60000,59865,4.1,8261,89
P0631,Samsung S25 Ultra,110000,106670,4.1,3746,94
P0632,Google Pixel 10,85000,82473,4.2,4644,91
P0633,OnePlus 13,70000,22481,4.6,36,28
P0634,Motorola Edge 60 Ultra,58000,56016,4.6,6407,99
P0635,Vivo X300 Pro,65000,64071,4.5,2010,87
P0636,Samsung S25 Ultra,110000,107568,4.6,6321,94
P0637,Motorola Edge 60 Ultra,58000,56854,4.8,6158,88
P0638,Google Pixel 10,85000,82312,4.7,8664,87
P0639,iPhone 15 Pro,120000,118089,4.7,2258,86
P0640,Samsung S25 Ultra,110000,106692,4.6,2795,93
P0641,Google Pixel 10,85000,84778,4.5,8537,94
P0642,Vivo X300 Pro,65000,63273,4.2,3313,92
P0643,Google Pixel 10,85000,84611,4.5,5145,92
P0644,Samsung S25 Ultra,110000,107284,4.2,1864,91
P0645,Realme GT 8 Pro,55000,53769,4.7,4612,98
P0646,OnePlus 13,70000,68840,4.7,4974,96
P0647,OnePlus 13,70000,68061,4.4,1585,86
P0648,Nothing Phone 3,50000,12928,4.9,23,25
P0649,OnePlus 13,70000,68925,4.6,3171,93
P0650,Realme GT 8 Pro,55000,55234,4.2,5392,89
P0651,Samsung S25 Ultra,110000,44841,4.9,16,38
P0652,OnePlus 13,70000,67264,4.3,4023,86
P0653,Realme GT 8 Pro,55000,25809,4.7,37,37
P0654,Nothing Phone 3,50000,48326,4.6,8203,93
P0655,Oppo Find X9 Pro,75000,75057,4.7,5881,95
P0656,iPhone 15 Pro,120000,116950,4.2,6175,88
P0657,Google Pixel 10,85000,82579,4.2,4017,91
P0658,Motorola Edge 60 Ultra,58000,57429,4.1,6706,97
P0659,Xiaomi 15,60000,60259,4.8,2393,88
P0660,Vivo X300 Pro,65000,63158,4.4,6055,92
P0661,Oppo Find X9 Pro,75000,74079,4.7,4703,92
P0662,Nothing Phone 3,50000,49730,4.7,5807,90
P0663,Nothing Phone 3,50000,48868,4.4,1663,87
P0664,OnePlus 13,70000,68142,4.5,4538,95
P0665,Xiaomi 15,60000,59347,4.7,2307,90
P0666,Samsung S25 Ultra,110000,110195,4.3,4024,97
P0667,Vivo X300 Pro,65000,25743,4.8,13,24
P0668,Xiaomi 15,60000,58398,4.6,4279,90
P0669,Oppo Find X9 Pro,75000,73416,4.3,2558,94
P0670,Samsung S25 Ultra,110000,41447,4.9,36,23
P0671,OnePlus 13,70000,20939,4.6,3,22
P0672,iPhone 15 Pro,120000,118224,4.2,6738,97
P0673,Google Pixel 10,85000,82123,4.7,7605,86
P0674,iPhone 15 Pro,120000,117953,4.6,8850,94
P0675,Samsung S25 Ultra,110000,108318,4.3,6036,98
P0676,Oppo Find X9 Pro,75000,72695,4.7,3863,95
P0677,Oppo Find X9 Pro,75000,74566,4.7,6977,86
P0678,iPhone 15 Pro,120000,117270,4.5,4043,92
P0679,iPhone 15 Pro,120000,120757,4.7,3559,86
P0680,Realme GT 8 Pro,55000,55056,4.6,4677,88
P0681,Realme GT 8 Pro,55000,53318,4.5,5804,96
P0682,Xiaomi 15,60000,58331,4.8,6493,91
P0683,iPhone 15 Pro,120000,119658,4.4,4577,96
P0684,Xiaomi 15,60000,60020,4.4,8572,99
P0685,Oppo Find X9 Pro,75000,74162,4.7,3842,87
P0686,iPhone 15 Pro,120000,120798,4.8,7179,86
P0687,OnePlus 13,70000,68946,4.7,8436,89
P0688,Vivo X300 Pro,65000,62640,4.2,5327,97
P0689,Motorola Edge 60 Ultra,58000,57594,4.3,5296,91
P0690,iPhone 15 Pro,120000,118049,4.7,8212,95
P0691,Motorola Edge 60 Ultra,58000,58215,4.7,8600,87
P0692,OnePlus 13,70000,67971,4.1,6389,85
P0693,Oppo Find X9 Pro,75000,72226,4.2,8803,98
P0694,Motorola Edge 60 Ultra,58000,58439,4.1,7613,87
P0695,OnePlus 13,70000,68517,4.3,8041,89
P0696,Vivo X300 Pro,65000,65301,4.3,8817,87
P0697,Samsung S25 Ultra,110000,107043,4.5,4974,91
P0698,Nothing Phone 3,50000,49193,4.7,2692,93
P0699,iPhone 15 Pro,120000,54258,4.6,26,26
P0700,Realme GT 8 Pro,55000,54564,4.3,5019,96
P0701,Google Pixel 10,85000,82939,4.1,5646,95
P0702,Vivo X300 Pro,65000,62684,4.3,7659,92
P0703,iPhone 15 Pro,120000,116891,4.5,8650,90
P0704,Nothing Phone 3,50000,50252,4.4,3028,88
P0705,Vivo X300 Pro,65000,63365,4.4,4399,85
P0706,Motorola Edge 60 Ultra,58000,56916,4.2,6394,93
P0707,Google Pixel 10,85000,83812,4.5,3989,97
P0708,Samsung S25 Ultra,110000,108443,4.7,2916,91
P0709,Samsung S25 Ultra,110000,107524,4.4,7650,93
P0710,Realme GT 8 Pro,55000,53119,4.7,2411,89
P0711,Samsung S25 Ultra,110000,108184,4.3,1994,85
P0712,Xiaomi 15,60000,58086,4.7,8346,86
P0713,OnePlus 13,70000,69300,4.7,5348,88
P0714,Oppo Find X9 Pro,75000,74756,4.6,1526,99
P0715,Google Pixel 10,85000,82292,4.6,2905,99
P0716,Samsung S25 Ultra,110000,109584,4.3,5902,97
P0717,iPhone 15 Pro,120000,45199,4.6,39,20
P0718,OnePlus 13,70000,68258,4.7,6893,87
P0719,Samsung S25 Ultra,110000,108786,4.3,3440,99
P0720,Motorola Edge 60 Ultra,58000,56565,4.3,6034,86
P0721,iPhone 15 Pro,120000,118046,4.5,4551,87
P0722,OnePlus 13,70000,70079,4.3,3062,95
P0723,Nothing Phone 3,50000,48966,4.1,1603,92
P0724,Xiaomi 15,60000,59605,4.2,4700,94
P0725,OnePlus 13,70000,67511,4.5,8108,86
P0726,Samsung S25 Ultra,110000,107805,4.3,3634,94
P0727,iPhone 15 Pro,120000,116484,4.2,1974,94
P0728,Nothing Phone 3,50000,49853,4.6,2165,95
P0729,Motorola Edge 60 Ultra,58000,57212,4.3,8477,87
P0730,iPhone 15 Pro,120000,119055,4.5,8208,89
P0731,Xiaomi 15,60000,58568,4.7,2121,85
P0732,Nothing Phone 3,50000,48099,4.3,5586,98
P0733,Samsung S25 Ultra,110000,110541,4.2,4294,87
P0734,Samsung S25 Ultra,110000,37475,4.8,0,22
P0735,Xiaomi 15,60000,22057,4.7,11,23
P0736,Xiaomi 15,60000,59648,4.7,2799,89
P0737,Samsung S25 Ultra,110000,105770,4.3,5772,97
P0738,Google Pixel 10,85000,82172,4.5,8402,95
P0739,Vivo X300 Pro,65000,65072,4.3,5269,94
P0740,Motorola Edge 60 Ultra,58000,56271,4.6,4541,90
P0741,Google Pixel 10,85000,83441,4.6,6774,97
P0742,Google Pixel 10,85000,82750,4.4,2053,90
P0743,iPhone 15 Pro,120000,117334,4.5,1694,91
P0744,Xiaomi 15,60000,58491,4.1,4410,97
P0745,OnePlus 13,70000,69885,4.6,6687,98
P0746,Google Pixel 10,85000,82868,4.3,7859,97
P0747,Google Pixel 10,85000,83593,4.6,7970,95
P0748,Vivo X300 Pro,65000,63564,4.2,5113,90
P0749,Vivo X300 Pro,65000,62529,4.1,3836,99
P0750,Xiaomi 15,60000,60064,4.2,5911,89
P0751,Realme GT 8 Pro,55000,52830,4.3,8696,96
P0752,Oppo Find X9 Pro,75000,75505,4.1,5138,98
P0753,Nothing Phone 3,50000,49288,4.4,6243,91
P0754,OnePlus 13,70000,68671,4.2,6785,96
P0755,Google Pixel 10,85000,83587,4.5,5728,85
P0756,Oppo Find X9 Pro,75000,72875,4.6,3864,90
P0757,Nothing Phone 3,50000,49416,4.4,4599,92
P0758,Xiaomi 15,60000,60308,4.4,5502,96
P0759,Oppo Find X9 Pro,75000,73541,4.7,2464,94
P0760,iPhone 15 Pro,120000,33609,4.7,22,39
P0761,Oppo Find X9 Pro,75000,72919,4.4,6622,87
P0762,Oppo Find X9 Pro,75000,74920,4.5,2855,90
P0763,Realme GT 8 Pro,55000,53495,4.6,7986,89
P0764,OnePlus 13,70000,69065,4.7,7958,92
P0765,Vivo X300 Pro,65000,65589,4.3,3557,88
P0766,Nothing Phone 3,50000,48622,4.2,6438,96
P0767,Motorola Edge 60 Ultra,58000,57163,4.5,7060,94
P0768,OnePlus 13,70000,70672,4.7,7012,89
P0769,Motorola Edge 60 Ultra,58000,58284,4.6,3179,94
P0770,OnePlus 13,70000,67212,4.6,6828,93
P0771,iPhone 15 Pro,120000,115815,4.5,1808,87
P0772,Motorola Edge 60 Ultra,58000,17367,4.8,11,38
P0773,Xiaomi 15,60000,59182,4.5,7046,96
P0774,Samsung S25 Ultra,110000,109999,4.5,7736,91
P0775,OnePlus 13,70000,70380,4.6,5224,91
P0776,OnePlus 13,70000,69599,4.5,4534,97
P0777,Vivo X300 Pro,65000,63468,4.6,7507,86
P0778,Nothing Phone 3,50000,48171,4.4,8214,88
P0779,iPhone 15 Pro,120000,115966,4.2,2564,86
P0780,Motorola Edge 60 Ultra,58000,56003,4.1,5110,89
P0781,Vivo X300 Pro,65000,62885,4.7,2446,95
P0782,Nothing Phone 3,50000,48600,4.1,4015,99
P0783,OnePlus 13,70000,68317,4.4,7752,90
P0784,Google Pixel 10,85000,33270,4.9,28,23
P0785,Google Pixel 10,85000,83252,4.4,4876,89
P0786,iPhone 15 Pro,120000,117679,4.4,5346,90
P0787,Xiaomi 15,60000,58658,4.5,6737,96
P0788,OnePlus 13,70000,68208,4.2,5283,92
P0789,OnePlus 13,70000,70282,4.4,3863,98
P0790,Realme GT 8 Pro,55000,53312,4.3,5942,96
P0791,Nothing Phone 3,50000,48393,4.5,8607,99
P0792,OnePlus 13,70000,70407,4.7,8282,90
P0793,iPhone 15 Pro,120000,117428,4.6,2629,94
P0794,Realme GT 8 Pro,55000,53336,4.1,1886,93
P0795,Samsung S25 Ultra,110000,109411,4.4,4198,94
P0796,Motorola Edge 60 Ultra,58000,57677,4.3,7236,85
P0797,Oppo Find X9 Pro,75000,73518,4.2,6230,99
P0798,Realme GT 8 Pro,55000,52898,4.5,3243,96
P0799,Motorola Edge 60 Ultra,58000,58267,4.3,7503,99
P0800,Google Pixel 10,85000,83101,4.6,8419,93
P0801,Samsung S25 Ultra,110000,105695,4.4,7530,98
P0802,Oppo Find X9 Pro,75000,24305,4.9,6,45
P0803,Nothing Phone 3,50000,49207,4.4,7046,93
P0804,Samsung S25 Ultra,110000,105793,4.7,4830,96
P0805,Oppo Find X9 Pro,75000,73911,4.7,2770,96
P0806,Vivo X300 Pro,65000,65429,4.6,8340,94
P0807,Xiaomi 15,60000,57930,4.4,7172,93
P0808,Xiaomi 15,60000,58146,4.2,4823,85
P0809,Realme GT 8 Pro,55000,55221,4.7,6717,86
P0810,iPhone 15 Pro,120000,119722,4.7,8901,90
P0811,OnePlus 13,70000,68960,4.2,4361,87
P0812,Oppo Find X9 Pro,75000,75483,4.4,8395,90
P0813,Oppo Find X9 Pro,75000,74411,4.4,6812,98
P0814,Google Pixel 10,85000,82860,4.8,2296,96
P0815,Google Pixel 10,85000,84697,4.1,3403,95
P0816,Samsung S25 Ultra,110000,106484,4.2,7722,86
P0817,Nothing Phone 3,50000,49762,4.3,2579,95
P0818,Nothing Phone 3,50000,49308,4.7,2429,96
P0819,Nothing Phone 3,50000,24853,4.7,35,45
P0820,Samsung S25 Ultra,110000,107201,4.6,5352,99
P0821,Motorola Edge 60 Ultra,58000,57683,4.8,7178,86
P0822,Motorola Edge 60 Ultra,58000,55732,4.4,7771,93
P0823,Motorola Edge 60 Ultra,58000,56249,4.2,1975,87
P0824,OnePlus 13,70000,69167,4.3,6423,95
P0825,iPhone 15 Pro,120000,119549,4.5,3564,85
P0826,Xiaomi 15,60000,58018,4.2,4430,93
P0827,Oppo Find X9 Pro,75000,20618,4.6,14,33
P0828,Google Pixel 10,85000,84694,4.6,4023,92
P0829,Motorola Edge 60 Ultra,58000,55805,4.1,7550,94
P0830,iPhone 15 Pro,120000,119597,4.7,5422,90
P0831,Nothing Phone 3,50000,18035,4.8,10,39
P0832,Motorola Edge 60 Ultra,58000,57882,4.6,8772,94
P0833,Google Pixel 10,85000,84099,4.7,7639,99
P0834,Samsung S25 Ultra,110000,107580,4.4,1790,86
P0835,Motorola Edge 60 Ultra,58000,56901,4.4,3294,97
P0836,OnePlus 13,70000,69936,4.5,7767,92
P0837,Motorola Edge 60 Ultra,58000,58433,4.4,3233,92
P0838,Vivo X300 Pro,65000,63818,4.7,6238,87
P0839,Motorola Edge 60 Ultra,58000,58104,4.1,6107,87
P0840,Motorola Edge 60 Ultra,58000,57554,4.3,7659,97
P0841,Motorola Edge 60 Ultra,58000,58244,4.3,6905,91
P0842,Oppo Find X9 Pro,75000,24478,4.7,38,23
P0843,Google Pixel 10,85000,83212,4.6,4418,97
P0844,Google Pixel 10,85000,83479,4.3,4808,94
P0845,iPhone 15 Pro,120000,115920,4.4,2682,96
P0846,Samsung S25 Ultra,110000,107278,4.5,3949,95
P0847,Oppo Find X9 Pro,75000,72087,4.4,4180,97
P0848,Vivo X300 Pro,65000,64182,4.2,6185,91
P0849,Oppo Find X9 Pro,75000,74104,4.6,4090,96
P0850,Samsung S25 Ultra,110000,109327,4.4,5515,93
P0851,Oppo Find X9 Pro,75000,75341,4.7,7158,95
P0852,Vivo X300 Pro,65000,64801,4.3,6357,95
P0853,Nothing Phone 3,50000,48532,4.4,2480,91
P0854,Motorola Edge 60 Ultra,58000,56530,4.5,4139,92
P0855,Oppo Find X9 Pro,75000,72286,4.4,2071,88
P0856,Google Pixel 10,85000,31468,4.7,25,38
P0857,OnePlus 13,70000,69655,4.5,7612,88
P0858,Google Pixel 10,85000,82175,4.6,4540,87
P0859,Realme GT 8 Pro,55000,54843,4.2,7518,86
P0860,Nothing Phone 3,50000,48382,4.7,8961,90
P0861,Motorola Edge 60 Ultra,58000,58141,4.4,8483,95
P0862,Vivo X300 Pro,65000,64617,4.4,8802,86
P0863,iPhone 15 Pro,120000,118228,4.6,8112,92
P0864,Oppo Find X9 Pro,75000,74826,4.2,2781,97
P0865,Xiaomi 15,60000,26224,4.9,14,35
P0866,Realme GT 8 Pro,55000,55210,4.4,5503,98
P0867,iPhone 15 Pro,120000,115565,4.3,7854,89
P0868,Realme GT 8 Pro,55000,55219,4.5,4760,89
P0869,Xiaomi 15,60000,60365,4.7,5447,94
P0870,Xiaomi 15,60000,59674,4.7,5403,89
P0871,Motorola Edge 60 Ultra,58000,56108,4.3,2144,92
P0872,Realme GT 8 Pro,55000,55294,4.3,8550,88
P0873,Xiaomi 15,60000,58282,4.8,3466,97
P0874,Motorola Edge 60 Ultra,58000,58348,4.7,4526,99
P0875,Oppo Find X9 Pro,75000,74559,4.8,3800,93
P0876,Realme GT 8 Pro,55000,54039,4.1,8885,95
P0877,Google Pixel 10,85000,85819,4.7,3382,90
P0878,Nothing Phone 3,50000,48147,4.5,5715,94
P0879,Samsung S25 Ultra,110000,46767,5.0,6,21
P0880,iPhone 15 Pro,120000,120695,4.5,3140,86
P0881,Nothing Phone 3,50000,48903,4.5,2025,89
P0882,Nothing Phone 3,50000,49479,4.3,2926,96
P0883,Google Pixel 10,85000,84798,4.7,4454,85
P0884,Realme GT 8 Pro,55000,13779,4.8,27,23
P0885,Vivo X300 Pro,65000,62600,4.3,5517,87
P0886,iPhone 15 Pro,120000,117530,4.1,8412,95
P0887,Realme GT 8 Pro,55000,54772,4.7,4315,92
P0888,OnePlus 13,70000,68716,4.5,2336,96
P0889,Google Pixel 10,85000,82366,4.7,2548,85
P0890,iPhone 15 Pro,120000,117197,4.2,3001,89
P0891,iPhone 15 Pro,120000,115613,4.3,6078,89
P0892,Samsung S25 Ultra,110000,106693,4.3,1711,85
P0893,iPhone 15 Pro,120000,119763,4.8,7926,95
P0894,Samsung S25 Ultra,110000,110169,4.8,3974,85
P0895,iPhone 15 Pro,120000,115911,4.6,6153,93
P0896,Motorola Edge 60 Ultra,58000,55813,4.5,8902,93
P0897,OnePlus 13,70000,68752,4.3,3553,96
P0898,Xiaomi 15,60000,58173,4.6,5741,97
P0899,Nothing Phone 3,50000,48535,4.3,6792,98
P0900,Vivo X300 Pro,65000,64220,4.2,5639,96
P0901,Realme GT 8 Pro,55000,55102,4.5,5741,87
P0902,Motorola Edge 60 Ultra,58000,57313,4.4,6688,88
P0903,Motorola Edge 60 Ultra,58000,58188,4.4,3986,85
P0904,Oppo Find X9 Pro,75000,75647,4.4,6795,95
P0905,Motorola Edge 60 Ultra,58000,57583,4.7,4102,93
P0906,Google Pixel 10,85000,85420,4.1,2441,98
P0907,Motorola Edge 60 Ultra,58000,56507,4.6,2617,97
P0908,Xiaomi 15,60000,57696,4.7,4561,86
P0909,Google Pixel 10,85000,82952,4.6,3605,87
P0910,Nothing Phone 3,50000,48678,4.2,8046,90
P0911,Nothing Phone 3,50000,48487,4.7,7438,97
P0912,Motorola Edge 60 Ultra,58000,57717,4.4,3644,87
P0913,Nothing Phone 3,50000,48103,4.4,4308,96
P0914,Google Pixel 10,85000,33086,4.7,10,37
P0915,Nothing Phone 3,50000,49943,4.5,2946,88
P0916,Xiaomi 15,60000,58571,4.2,2632,93
P0917,Xiaomi 15,60000,59622,4.2,3858,86
P0918,Xiaomi 15,60000,31051,4.7,13,20
P0919,Samsung S25 Ultra,110000,109103,4.6,4450,94
P0920,Google Pixel 10,85000,84276,4.4,1713,95
P0921,Samsung S25 Ultra,110000,109853,4.2,3549,86
P0922,Motorola Edge 60 Ultra,58000,58436,4.4,4015,85
P0923,OnePlus 13,70000,31531,5.0,30,45
P0924,OnePlus 13,70000,68214,4.7,3633,96
P0925,Xiaomi 15,60000,57681,4.7,2334,90
P0926,Samsung S25 Ultra,110000,56288,4.6,8,37
P0927,Xiaomi 15,60000,59687,4.2,4519,99
P0928,Samsung S25 Ultra,110000,106800,4.7,2967,90
P0929,Vivo X300 Pro,65000,65059,4.5,6365,95
P0930,Realme GT 8 Pro,55000,54270,4.5,6600,94
P0931,OnePlus 13,70000,69587,4.5,8863,85
P0932,Vivo X300 Pro,65000,62545,4.4,8243,90
P0933,Google Pixel 10,85000,84707,4.3,3808,94
P0934,Google Pixel 10,85000,83596,4.3,2569,99
P0935,OnePlus 13,70000,70058,4.2,1717,94
P0936,OnePlus 13,70000,68074,4.2,7830,95
P0937,Motorola Edge 60 Ultra,58000,58324,4.7,5381,94
P0938,Oppo Find X9 Pro,75000,72305,4.7,3329,96
P0939,Xiaomi 15,60000,59799,4.2,8902,87
P0940,Google Pixel 10,85000,85017,4.6,7960,88
P0941,Vivo X300 Pro,65000,62852,4.1,6623,88
P0942,Motorola Edge 60 Ultra,58000,58526,4.2,8517,87
P0943,Motorola Edge 60 Ultra,58000,30379,4.9,18,38
P0944,Motorola Edge 60 Ultra,58000,58567,4.6,8446,99
P0945,Nothing Phone 3,50000,48434,4.4,1930,99
P0946,Motorola Edge 60 Ultra,58000,56322,4.4,1711,85
P0947,Samsung S25 Ultra,110000,109601,4.6,2097,98
P0948,Nothing Phone 3,50000,49297,4.3,4015,87
P0949,OnePlus 13,70000,68806,4.7,2244,87
P0950,Nothing Phone 3,50000,48400,4.5,3654,86
P0951,Nothing Phone 3,50000,22497,4.7,9,31
P0952,iPhone 15 Pro,120000,116513,4.6,6909,85
P0953,Motorola Edge 60 Ultra,58000,55752,4.1,7092,92
P0954,Nothing Phone 3,50000,48988,4.5,6279,88
P0955,Samsung S25 Ultra,110000,107652,4.6,6780,97
P0956,Nothing Phone 3,50000,49974,4.5,7198,92
P0957,Google Pixel 10,85000,82570,4.7,6591,90
P0958,Nothing Phone 3,50000,48966,4.6,5854,86
P0959,Nothing Phone 3,50000,49391,4.4,7640,92
P0960,Realme GT 8 Pro,55000,52809,4.3,5232,93
P0961,Oppo Find X9 Pro,75000,19167,4.8,27,27
P0962,Motorola Edge 60 Ultra,58000,58288,4.2,2053,91
P0963,Realme GT 8 Pro,55000,52858,4.7,2754,88
P0964,iPhone 15 Pro,120000,120350,4.6,4747,91
P0965,Xiaomi 15,60000,59529,4.7,4641,91
P0966,Vivo X300 Pro,65000,62646,4.7,4480,96
P0967,iPhone 15 Pro,120000,117167,4.5,3606,89
P0968,Realme GT 8 Pro,55000,52820,4.4,4784,85
P0969,Nothing Phone 3,50000,49927,4.8,3235,99
P0970,Realme GT 8 Pro,55000,53930,4.4,3053,94
P0971,Xiaomi 15,60000,59917,4.5,3979,88
P0972,Oppo Find X9 Pro,75000,75078,4.5,7460,88
P0973,Google Pixel 10,85000,30992,4.7,15,41
P0974,iPhone 15 Pro,120000,51916,5.0,31,39
P0975,Google Pixel 10,85000,84311,4.7,7220,86
P0976,Samsung S25 Ultra,110000,108738,4.7,6721,91
P0977,Vivo X300 Pro,65000,35047,4.5,26,30
P0978,Google Pixel 10,85000,83563,4.4,6557,99
P0979,iPhone 15 Pro,120000,119312,4.4,8543,92
P0980,Nothing Phone 3,50000,48114,4.4,3496,93
P0981,Google Pixel 10,85000,82540,4.5,7114,88
P0982,Google Pixel 10,85000,84330,4.6,1766,88
P0983,Google Pixel 10,85000,22694,4.8,28,39
P0984,Realme GT 8 Pro,55000,52930,4.2,3606,98
P0985,Oppo Find X9 Pro,75000,73157,4.6,5076,92
P0986,Xiaomi 15,60000,59983,4.7,7165,85
P0987,OnePlus 13,70000,69727,4.2,6105,88
P0988,OnePlus 13,70000,70617,4.1,3352,92
P0989,Vivo X300 Pro,65000,64538,4.4,2493,88
P0990,Motorola Edge 60 Ultra,58000,55976,4.5,1749,96
P0991,Realme GT 8 Pro,55000,54347,4.1,2855,93
P0992,Realme GT 8 Pro,55000,53319,4.7,8571,87
P0993,Nothing Phone 3,50000,50229,4.8,6331,87
P0994,Motorola Edge 60 Ultra,58000,56835,4.4,3346,95
P0995,Vivo X300 Pro,65000,64502,4.8,8832,89
P0996,Google Pixel 10,85000,85616,4.4,6230,94
P0997,Samsung S25 Ultra,110000,105942,4.6,2479,99
P0998,iPhone 15 Pro,120000,115594,4.2,4075,85
P0999,OnePlus 13,70000,69884,4.7,4846,88
P1000,Samsung S25 Ultra,110000,106453,4.7,7041,92
